{
    "name": "统一头像/节日头像",
    "brief": "<b>简介：</b>本插件可以让会员所有的头像都一样，可用于重大节日的庆祝，关闭后不影响原来头像。<br /><b>作者：</b>硬汉工作室<br /><b>定制：</b>插件定制需求请联系客服QQ：1069971363<br />更多插件请访问：<b><a target = '_blank' href = 'http://www.nciaer.com'>www.nciaer.com</a></b>",
    "version": "1.0",
    "bbs_version": "4.0",
    "installed": 0,
    "enable": 0,
    "hooks_rank": [],
    "overwrites_rank": [],
    "dependencies": []
}