{
    "name": "图片轮播插件",
    "brief": "1、可后台添加图片地址，链接及名称<br> 2、数量可无限添加，建议不要太多！<br> 3、由八彩五月官制作<a href='http://www.8c5.cn'  target='_blank'><span class='text-success' style='padding-left:10px;'><b>www.8c5.cn</b></span></a><br>4、使用有问题联系客服QQ/微信：312215120 <br>5、更多精品插件点<a href='http://www.8c5.cn'  target='_blank'><span style='color:red; padding:0 6px;'><b>这里</b></span></a><span class='text-success' style='padding-left:1px;'><b>插件请勿外传!</b></span>",
    "version": "1.0",
    "bbs_version": "4.0.4",
    "installed": 1,
    "enable": 1,
    "hooks_rank": [],
    "dependencies": []
}