{
    "name": "自定义图标列表插件",
    "brief": "1、可外链可排序，导航站下载站必备！ <br>2、可无限添加图标,可自定义排序<br> 3、由八彩五月官制作<a href='http://www.8c5.cn'  target='_blank'><span class='text-success' style='padding-left:10px;'><b>www.8c5.cn</b></span></a><br>4、使用有问题联系客服QQ/微信：312215120 <br>5、更多精品插件点<a href='http://www.8c5.cn'  target='_blank'><span style='color:red; padding:0 6px;'><b>这里</b></span></a><span class='text-success' style='padding-left:1px;'><b>插件请勿外传!</b></span> ",
    "version": "1.1",
    "bbs_version": "4.0",
    "installed": 1,
    "enable": 1,
    "hooks_rank": [],
    "overwrites_rank": [],
    "dependencies": []
}