{
    "name": "UMEditor 百度编辑器",
    "brief": "UMEditor 是一款轻量级的百度编辑器，代码相对精简，axiuno 在此基础上修复了一些 Bootstrap 4 下的问题，移植了代码高亮插件，自行编写了截图、图片上传部分代码，并且 IE11+ 支持直接粘贴 WORD 文字和图片<br/>夜琉璃魔改版：h1~h6美化，插入表情，ICON美化，链接插入框美化(之前的在手机端太大)，插入mp4视频地址可直接播放。",
    "version": "2.7",
    "bbs_version": "4.0",
    "installed": 1,
    "enable": 1,
    "hooks_rank": [],
    "dependencies": []
}