{
    "name": "百度360自动推送SEO",
    "brief": "<b>简介：</b>本插件会给网页增加百度和360的自动收录代码，让网站第一时间被搜索引擎收录。<br /><b>作者：</b>硬汉工作室<br /><b>定制：</b>插件定制需求请联系客服QQ：1069971363<br />更多插件请访问：<b><a target = '_blank' href = 'http://www.nciaer.com'>www.nciaer.com</a></b>",
    "version": "1.0",
    "bbs_version": "4.0",
    "installed": 0,
    "enable": 0,
    "hooks_rank": [],
    "overwrites_rank": [],
    "dependencies": []
}